,Price
2457,3800
9442,1550
9460,1400
2310,1500
32,3000
949,1500
9662,7200
10271,4000
1741,1200
3118,1400
1748,1000
10623,2200
1526,19000
3537,2000
9745,800
3498,1300
4782,1100
3376,2100
9420,1300
9256,8000
1585,1800
2038,1700
728,1100
2103,1800
3626,36000
3706,1800
3608,2500
1315,1400
843,4500
3592,2200
405,1500
414,1600
1139,3500
346,1200
9738,1250
9294,2500
4324,1500
2630,2500
10402,1200
9728,1500
3090,1100
9746,1350
1746,1300
66,1400
3495,1100
9564,1600
3712,10000
10404,1300
9807,2100
413,1400
914,1200
1330,930
4129,2700
9663,8000
2091,2300
10145,1890
3013,1500
10321,1800
2325,2200
9665,7000
2705,1700
2917,1100
9817,2500
2453,2500
3864,8000
3093,1000
3110,850
10806,2700
534,1600
156,750
4695,10000
3822,5000
939,1500
11157,3600
4222,2700
3932,2000
9997,1800
3970,1420
2640,2500
9749,1000
3518,8000
2223,1850
2554,2600
3991,3500
1246,3100
675,1200
381,1200
2426,1800
10430,600
3319,1250
2355,1500
4234,3000
3701,2800
223,4200
5426,5400
2865,2500
2372,3300
4840,2799
893,1350
10912,3000
1156,1190
3255,1200
3639,3100
5220,1350
1564,2500
10102,1500
9937,3100
9205,2700
361,2200
4428,1400
895,900
806,2500
2709,2050
9225,2000
5222,3500
10540,2400
2339,2200
125,1500
3768,18000
977,4500
3251,1000
2587,14000
5333,1400
10049,2850
3950,1700
349,1100
4362,3500
3287,1100
10363,2800
4123,7400
10485,3000
621,1150
10767,1500
2714,1700
3021,3000
1106,1400
3573,1950
3603,13000
9803,1450
2525,1300
9838,2600
4766,1800
10184,8000
10328,900
1586,14000
1914,1300
1644,2100
2456,1650
3998,6500
2909,1300
1245,6350
4512,3800
465,1428
4281,10000
4668,2300
1108,1650
4083,2000
2696,1500
9584,1100
2812,1200
1715,1400
3239,905
3261,1100
1171,1295
10445,1000
4313,1800
10175,2600
10060,1200
210,8000
2048,1250
4675,2650
4096,1600
3212,2000
11102,3500
10067,3000
3520,2500
5196,2500
10578,1872
415,1400
1995,6700
5280,3000
1593,2150
167,900
3188,1990
10638,1800
348,1350
9172,5000
2623,1750
2359,2200
11193,3300
2350,1900
1831,2200
3284,1500
3976,4500
9527,1800
11179,7900
9464,2100
4613,1650
10446,1010
10694,1200
4527,2500
2122,2600
10920,3600
9757,1900
2776,1200
10334,1100
9521,4000
2242,1617
10403,2500
11209,15600
5339,1000
10449,1530
9402,1700
9330,1200
10978,1900
1465,1500
2686,1600
1371,16000
11101,3000
3804,7000
11160,7800
4279,14000
10824,4000
439,1550
10094,1400
88,1300
2553,1300
9097,3500
4100,4000
9236,1700
5397,3200
277,1100
9218,1700
9948,2400
608,1100
2100,2600
2549,16000
2460,3900
4705,7000
2655,1100
1003,12000
10173,4000
9823,1800
2033,3000
5320,1500
30,1600
3305,1600
10885,2900
9364,2500
2797,2000
9876,2300
4755,900
10577,1900
4398,1250
2377,4500
871,1500
10808,5500
1790,1300
1172,1190
3646,6400
1042,2400
1116,1900
4358,6000
3810,3500
356,900
1788,5500
9661,7200
10590,3200
4769,2000
4285,13000
828,2044
1742,1370
10620,6300
1461,1500
84,3500
531,4000
138,700
2806,1200
11103,2499
10973,1200
642,1300
162,1100
951,1700
10098,1200
3987,3000
10243,3500
1041,2500
9690,900
11150,3500
9422,750
10325,2500
1377,1500
1351,2900
3776,3500
3307,1000
1625,1200
872,900
2401,2900
666,1200
1545,2000
4821,1200
10605,2850
2580,2250
1554,1300
2764,2300
4796,850
3235,1800
5350,2600
238,7200
5250,1900
1524,5500
10339,1350
2301,1500
2194,5000
3696,1300
899,1200
11208,5000
9708,1500
4603,1000
2081,4500
713,1999
5342,2200
10505,2300
10051,2100
2631,1200
10013,1400
9628,4000
4408,780
10366,1700
326,1100
2039,6000
9238,1200
2265,2600
2769,1600
965,2000
601,2000
172,720
10129,2300
3318,5500
4486,500
4364,1600
483,1365
4627,4000
520,1500
36,3800
2397,12000
10095,2650
3681,900
4118,1250
2213,4500
2626,1700
241,900
9901,5350
10044,2000
3374,4000
4734,2800
1155,1190
2569,3200
10592,1700
3157,1190
1045,2250
725,1350
2092,3800
3989,2400
9389,1500
2545,1700
1766,1400
1083,5800
2535,800
10591,1500
10987,1500
10269,1300
4162,14000
4852,5700
5185,1900
10249,2500
1302,1800
3043,2000
140,780
4490,1100
9583,1200
10624,11000
308,1000
376,1300
9480,950
873,1385
9631,1200
65,1200
3736,7700
4763,2000
5382,1200
4889,8000
4178,3000
9695,1400
9954,16000
4604,1000
700,1500
10349,1800
4873,3500
3740,10100
4760,1200
5284,2400
1533,1800
4730,6500
9333,1000
4325,3200
1732,1000
2851,1400
113,1280
4752,1500
9569,1700
4637,1100
496,650
1037,15000
2448,1600
4255,4800
1484,2250
825,3000
1893,2000
4872,7000
4261,6000
9349,1000
3381,2700
4658,7300
1427,1100
1255,2900
9316,3500
1668,900
10679,6000
678,1370
3951,2600
918,1400
121,700
452,1500
2026,1860
3559,3300
2661,1500
2756,1350
2149,2250
450,1100
3925,2000
10456,1200
2658,1900
3699,1700
4779,1300
1811,1200
9507,2000
2990,1900
9525,2800
282,750
5389,4800
2731,2500
1669,1000
9731,1100
4439,2000
10053,5200
11191,4800
3281,1550
3965,1900
582,1800
137,950
1455,3000
10219,2800
1525,10500
10171,1800
2516,2500
704,2200
3262,2200
9509,800
4391,2200
1855,3000
2465,2700
11155,9000
3170,1800
10344,1700
9180,2800
4551,2000
9117,2600
161,700
9863,1050
1319,2600
3479,1000
2065,1750
3117,1100
4411,1100
1624,1200
9983,2600
2031,2100
2604,2300
3523,4200
9502,2500
10674,3000
3875,3800
1065,5650
2030,1300
1327,1200
852,7000
9740,780
978,4800
9864,1550
9888,2200
4482,5500
3171,1500
5150,4500
3571,2400
9274,4800
3323,1400
9986,1600
9929,5100
3943,2600
9223,2100
3750,5800
4838,11000
9455,1800
9163,3000
9192,1600
10763,1800
159,750
10732,4500
4374,1300
3447,1100
9827,2700
9835,4000
192,1200
2752,3080
9877,1500
1247,3000
4701,10000
9403,3300
3902,8500
398,1500
2784,1200
9845,1300
10164,3850
1224,7200
962,1150
240,800
3322,2200
10427,1000
10114,1500
176,700
2894,2100
10176,6500
1391,1900
2578,3800
4156,1800
1206,7000
4761,1100
9326,1200
923,850
9167,1900
2284,1400
849,6500
1085,8000
10193,4799
11151,2800
867,1000
1019,2200
9189,1650
10415,2250
10401,2900
1098,9500
3345,1450
10370,1200
10008,1800
10502,2800
5321,3500
3618,4000
3410,3600
3724,20000
10369,3500
10825,1350
4130,1500
10386,1200
1031,1100
3884,1500
3025,3200
10992,1600
2824,1600
5335,1715
3391,10000
189,900
9358,1500
2755,5000
10516,4500
3865,19900
3016,2700
4296,750
9787,1600
3648,8200
4639,3000
1826,2190
1887,2500
5160,2800
9231,2500
9771,2250
9128,1400
10374,1700
9477,2400
3743,3800
3158,1000
2543,2200
4891,5500
2152,2600
9866,1300
9202,4200
10782,1800
9522,3500
4887,2900
2447,1750
2060,1400
3449,3100
9884,2600
9284,2150
2716,1700
2611,2000
9921,1400
1622,1350
584,1200
10834,10000
476,650
3914,1650
4008,3500
992,6000
2585,2600
9552,2800
9593,2000
9446,1400
59,900
3638,4600
3088,900
342,1100
69,1300
2340,1500
2966,1250
780,1400
624,700
265,1000
1772,2500
3267,1300
9092,2500
1341,15000
10240,4500
9368,1600
716,2300
4183,3000
2000,1500
1036,2300
1163,1295
1848,2500
2481,1400
9699,1600
1511,5500
2014,1300
3352,2500
2400,3300
10622,7000
575,1250
10972,2990
4,1300
4375,1370
10086,2000
4240,3000
10762,1600
3060,1250
2148,2500
9556,2600
10343,2700
11138,3500
1450,4800
4499,2000
1528,8000
352,1100
4554,1250
3460,1500
10742,4500
5148,2000
4764,1100
10887,1550
10000,3200
9653,700
2943,790
546,3500
9821,1600
4402,1300
1192,3000
96,1400
9670,650
5423,4400
1749,1300
9491,1100
1248,2700
9953,1800
3683,1500
5161,2500
10910,2600
10435,900
10077,4500
5258,3300
4202,3500
933,2300
9646,2000
10986,1600
1213,2600
3074,1100
2140,7000
10447,1250
5329,2000
1452,1800
10953,8000
2653,3500
2484,4900
4665,2500
1941,2300
9369,2050
10358,850
10683,16000
5254,9500
2407,2150
10237,3900
2542,6000
847,12000
1442,1800
333,1300
3509,8000
690,1700
3353,1500
854,1300
10760,1950
3487,1600
3691,2200
9348,1080
1606,2750
480,1100
10513,1200
4649,5800
2102,3300
446,2000
4502,2000
1273,2000
552,1400
549,1300
9854,1100
9426,1200
2939,800
5261,10000
4831,1700
1212,1900
2089,2500
10644,7000
5307,7500
2241,1650
5264,6000
1231,2000
10689,1500
4827,1400
10944,4300
4494,1000
10556,1100
10884,1300
789,4000
561,1400
298,650
4067,1600
1299,1600
3160,1190
2434,7000
3197,1800
2899,2350
2570,1550
2650,2200
9781,3000
2682,1000
4194,1350
9233,1600
1846,1300
3326,1970
9100,3700
2079,8500
10123,1900
1804,1200
9365,3000
3826,3500
9624,850
1197,6500
896,1250
18,1600
2259,1300
10488,2700
1994,7000
2462,5000
1303,1900
474,1300
1789,2200
5252,1900
3927,1500
2133,1400
567,1200
2600,2500
1149,1295
10869,2000
9273,2200
4854,2800
3136,1600
4892,4200
10939,17500
10480,1000
4348,2200
1596,2200
4624,2200
3286,1950
1493,1850
4663,4200
3363,630
9789,1100
10511,1900
2183,980
2115,1800
1430,1400
9973,7000
669,1000
2429,1700
3453,1050
4048,3000
829,1600
9769,3000
453,1200
2364,1839
10561,3600
1521,5500
4798,1120
3051,3100
10046,6500
9671,1160
1367,10000
11129,6500
3894,12000
4674,2900
4672,3600
3000,1200
2139,1700
598,1800
3450,2000
2537,9000
3568,1700
9475,2700
10936,6000
2700,1200
1393,1250
9910,1800
3149,1500
866,1240
10814,8000
5418,4200
5409,2400
5378,1400
9143,1400
4228,10000
1194,4200
9924,1855
3807,3700
710,1500
9993,2600
1556,10000
1431,1500
4446,1750
1390,3000
9563,1250
1223,4251
64,1200
9203,3500
2971,2500
1395,1690
3710,2400
10941,1600
3075,900
1272,1500
4276,7437
9465,2500
4018,3967
2436,2000
4805,1100
3269,2000
4548,1500
4492,1000
4174,9000
10794,2700
2531,2800
10958,13700
9183,2800
9470,1200
491,1000
2240,7000
3350,2700
10092,3300
2551,1690
463,850
10306,1200
10367,3000
1767,1900
2754,4500
2369,3100
4543,2500
9608,1000
4595,1200
2201,2800
9212,1500
9578,1500
3803,15000
1989,4400
10845,3000
1203,5800
1418,1800
2417,2000
9479,1250
4519,1600
3100,1400
1519,6000
2132,5000
3873,3600
2177,3700
1569,2500
218,4800
3476,1330
4235,3000
4812,1450
4875,2100
10955,9800
10111,750
1275,1200
763,1650
4357,1600
2843,2500
325,730
5308,7500
9686,1100
9165,3100
2753,5000
655,2799
4004,3500
4189,1900
428,1300
1236,5100
4095,1700
727,2300
2147,2950
9138,1800
1763,2500
10635,1176
4753,3200
3939,2500
10677,2000
10087,2000
242,660
1507,10500
3327,1100
4683,2500
2980,3000
5324,4700
1990,3300
799,4500
4556,1050
11112,2499
562,750
4320,900
95,1700
1050,2300
4631,2350
461,2000
314,1100
10058,1150
1620,1350
3677,1300
10835,3500
9106,2005
3233,5000
5275,10000
4084,1700
10122,1700
4431,1950
1177,3700
3614,5000
2670,1500
4846,2400
4385,1300
9950,2500
2728,944
1587,1800
5421,5500
3635,4200
117,900
2707,1500
10876,1370
10772,1450
11007,2300
3831,5000
4630,9000
1544,10800
1996,3100
1067,2500
10036,1380
10255,2200
556,1200
11142,8000
1002,5000
1176,6000
5365,2300
1012,800
2244,2800
4250,1800
3858,5000
1471,2400
5396,3500
3156,1190
1346,5000
953,1910
788,1660
3766,10000
4731,3500
1191,30000
10135,1150
10804,4500
203,999
9850,1600
10316,2100
1005,1132
9763,2000
1424,2000
435,1190
4644,2000
3930,1250
817,3500
11119,1400
3276,1400
658,2800
1329,1500
4809,1250
636,1200
2468,1900
2323,950
245,630
5208,1700
4661,3500
10223,1900
2734,2500
253,900
1114,1200
1151,1295
9197,1700
1737,1300
9989,1900
10471,6700
2539,4000
2591,1000
9291,1250
1752,1600
9851,5300
3435,4000
500,900
726,2800
5246,4000
1691,2800
4592,1350
1119,1100
2066,1800
4060,2500
1875,1600
10533,6200
3456,12000
5230,1500
9473,1000
4146,2300
1850,1200
507,1200
10608,1600
3375,1350
9116,2200
2518,2500
2994,750
2818,1800
3428,3400
2529,2500
11203,9000
3829,2000
9873,1100
9139,900
9576,1800
2877,2000
10335,1000
2590,1400
9466,1700
285,800
2478,2300
1225,4000
4338,2400
3847,2200
481,900
942,2500
565,3500
11110,4500
488,1100
104,1200
2565,1500
10026,2400
5420,13000
4638,3000
1464,1590
4304,1200
2560,6000
1816,1500
599,1200
9734,1440
2559,2700
5310,3500
649,1500
3294,1600
3580,4500
1581,6000
1958,2917
2782,2000
1285,2000
10847,900
689,1700
10324,1500
9737,1200
3416,6990
10257,3900
9214,1500
538,3300
639,1000
4550,2200
2817,2800
1786,2000
383,1600
9352,1300
9630,1800
5319,2500
1358,2300
2931,1010
1500,1500
1542,3700
2345,1955
10526,7700
9276,1900
3981,6000
9833,30000
10159,2220
1123,1600
4111,1500
1293,1000
2315,2900
10365,900
10071,17000
10031,1700
10706,2300
5248,1780
1141,1500
3849,2900
4616,1450
271,1700
813,22000
5323,5000
9530,2000
10305,1650
9482,1650
3270,3500
1680,2000
57,800
5260,3000
2795,1971
10156,2700
5278,7000
10440,950
4676,4000
3101,1300
3457,1800
1936,3400
1419,1300
1250,2240
4001,3000
1934,3500
261,1200
9893,3000
9313,1980
1706,1750
4879,3500
1976,3000
440,1700
4310,1400
2104,2299
2873,890
619,1000
1288,10000
10946,10000
157,600
3297,1200
1075,2500
9861,1400
10282,1500
10725,2500
9905,3000
5167,3000
10893,1750
1165,1750
2815,1800
173,700
3311,1300
2419,5000
1754,1600
3542,1100
4508,4200
1516,5800
2382,3900
211,8000
628,700
410,1500
4109,5500
2493,5200
1482,4000
883,1600
9633,1700
11010,6000
10671,6500
906,1300
1084,8000
3643,6000
1109,1300
1559,2800
3641,7500
5263,3500
9108,1400
9971,3800
9508,850
345,1200
4880,1500
3389,4000
10601,2000
9857,1000
2268,1700
3687,1200
2142,3000
4166,2000
10874,1100
9407,1100
792,1300
3908,2800
3507,2000
3161,1100
2719,1000
45,1900
10770,1400
87,2300
1744,1300
2203,1400
4076,1800
2527,1000
2464,1500
9870,1070
4670,4500
10137,1300
1081,18800
2913,1100
4179,3600
1505,2500
10996,7800
10751,9000
3054,1500
5295,7700
4425,2500
1998,950
4841,6000
2210,2800
3014,1000
9447,3000
985,1500
1069,900
1755,3500
2154,4800
4246,2600
10790,1500
2533,1250
5340,2500
2440,1300
4024,2550
10246,4000
3296,1600
10676,3300
3553,1950
9768,3000
2032,1600
996,4000
4117,2000
5377,2850
4881,2500
9581,1350
1698,1300
10664,2000
3277,1500
892,1100
5162,3800
9706,1100
4126,3500
3098,1300
135,1000
3526,1750
384,800
4137,6500
2929,700
5403,2200
4692,4400
2706,1200
2938,700
3431,10000
3194,2000
108,1900
1318,1200
576,1300
4399,1300
1298,10000
4401,1950
4175,3400
1969,4000
5357,2300
320,700
3910,5000
10256,2953
5361,2400
2216,3900
4059,5300
9732,950
1061,6200
3777,2000
9751,1200
10573,4400
10355,2400
4714,9500
10879,1750
4487,1400
3688,1200
4826,2100
9816,2000
1567,1800
3432,6000
646,1290
9595,900
2921,1050
2636,2500
3152,1200
9872,1300
3433,2500
2379,2200
9160,3300
4341,1300
1986,2400
5322,1500
9485,1300
10914,1500
9303,1500
668,2500
4314,1200
9478,2700
1721,1000
2592,1000
1475,2300
3732,50000
2564,2600
3891,8000
4770,3200
10675,1800
2574,5000
2044,1150
5165,22000
3805,8000
2106,5900
2689,2800
2729,2500
4834,6500
1813,1700
1485,3700
3669,1200
2071,1150
4252,6000
9885,5500
9488,1600
2351,1450
1115,1200
1049,1900
2790,1200
2829,2000
2118,3500
4746,9000
4641,3000
522,2300
2108,2300
3535,7800
10248,2100
3709,1600
11134,1500
4160,3500
5367,1670
246,1000
10681,2700
9902,6000
2892,3500
4149,3700
2891,2600
10739,4500
1295,6500
4839,8000
4773,3000
10235,5500
9664,4500
10279,1550
3426,6700
4041,1900
10528,3000
9935,10000
10743,6000
514,1100
1678,1320
1011,1800
9818,1200
2933,770
4033,2100
2088,6000
3403,3100
406,1200
10378,2900
2080,6000
2958,1200
1878,1700
2846,1486
5282,4700
1184,3700
4237,18000
4458,6500
9111,1500
630,1000
3042,1800
4536,2500
4316,1200
3140,1800
3587,23000
633,1000
1458,2700
3662,1600
4815,1400
921,1300
1931,2850
3746,6000
37,1600
3474,1600
5381,1600
4422,2600
1304,1000
11195,8000
4135,2700
4783,1300
9797,1200
1765,1200
4457,1500
3538,1400
913,700
720,2500
122,500
4034,2800
1853,3700
10922,2000
4609,2000
4818,1400
3439,4200
9439,1381
545,2000
4757,1400
10379,2000
1673,800
10610,3000
2311,2400
4443,1500
2836,1165
1047,2000
1902,1300
10611,15000
4599,1600
890,925
10934,2950
1709,1750
3132,1200
118,1400
3786,4000
2895,2800
10208,2000
1708,1350
10030,1500
3895,10000
471,1100
4581,1300
10786,1900
9418,1350
1349,1750
3378,1750
984,3000
10565,2000
1410,1400
5155,9500
9249,2900
1276,1700
10224,1800
10849,1700
4479,1400
9890,1700
3007,1300
1309,3000
775,1500
3992,3000
1480,1600
9090,1400
5380,1350
1313,3000
10085,3000
3379,11500
3598,15000
2204,2000
3728,7500
9600,1150
4816,1000
569,2000
3779,1000
1509,8100
22,1400
3888,2700
2849,4800
9774,1100
10207,900
10280,1500
4681,4500
1406,2000
1491,2500
9879,2000
10567,1500
9486,1050
1658,950
10045,2000
3871,3500
856,4500
4216,2600
11202,4000
10458,650
5164,8000
3320,2300
10222,6500
11194,3000
2374,4000
2300,1500
10658,5000
3167,1190
4258,5000
581,1100
2490,1600
10507,2500
2848,1640
2215,3100
10296,1350
844,3000
9920,1500
3631,13000
9200,1400
10192,5750
468,1000
1444,2500
3555,1300
9720,1100
2936,910
1839,5000
365,1200
10882,1500
9411,1000
10555,1950
3213,1700
1683,1200
3595,3600
2472,1100
4121,2000
2629,1300
11148,6000
10547,1500
850,2200
1089,3600
3481,1100
10233,6300
10317,2990
3616,4100
1279,2200
2239,3100
11175,1400
9529,1850
5181,7500
3380,2800
4801,1150
616,830
3343,1200
10558,2700
3735,5000
2013,1350
10940,2600
3028,4000
10593,2100
10661,4000
10538,6000
2357,2150
10606,2500
3663,1100
1274,2750
9515,3800
1951,4000
4379,1200
1753,1600
1499,20000
1761,1200
9679,1000
3472,1460
5338,1500
1649,2250
3838,14000
4021,3500
9725,1500
1265,1200
10158,1700
1636,2500
4064,4500
9886,4900
10865,1400
10719,4900
4312,1210
9909,1600
4120,1400
230,21000
1389,2000
10998,6000
4233,1800
4713,3300
3046,1100
9312,2500
1470,3500
10096,1600
10776,1700
1665,900
9750,1400
10892,1350
760,1400
10147,3500
3357,1900
3079,1000
2388,15000
204,888
3634,4300
4654,1450
9461,1600
1368,5800
3645,6400
955,1200
1489,1800
4578,1800
10788,2650
1852,2000
4898,6000
2740,3000
10985,1000
648,700
10651,6500
995,3400
9772,2250
2720,2500
366,2000
1972,5500
4429,2000
1118,2200
2942,1150
9987,1350
1432,4500
5417,3000
1240,35000
2718,2100
9782,1200
4744,7000
3862,1900
9637,1400
9694,1100
3994,3500
1803,1300
9279,4800
2832,1900
9187,1200
3065,1100
3407,8500
3234,2300
1791,1800
4323,1400
900,1400
2693,1300
2858,1850
2483,2050
10800,6900
10091,1200
4586,1200
3935,2000
4646,2800
10351,3000
10921,3600
1800,1400
9808,1290
1478,1600
353,1200
4154,1600
498,1500
4434,1400
2399,3000
1104,1300
1942,2400
2373,3200
2393,2400
9794,1100
3906,6000
23,1800
2049,2500
5178,2000
5226,1800
708,1900
983,2400
1497,3600
3182,650
10275,3524
10868,2500
3856,4000
3009,1100
1405,2200
10569,1600
793,9900
9955,3950
4514,4000
9688,950
4459,2450
2984,2600
11127,1900
10678,6500
10753,4000
3484,1300
3030,3500
9363,1300
4097,3300
1338,4000
9648,1000
1738,1200
3795,4655
3508,1900
3150,1000
10691,2000
927,1100
10535,9800
9230,1500
1490,2100
868,1400
4563,1800
2528,2800
1112,1150
2772,2200
803,3700
5157,3500
536,3600
3071,1200
9277,2090
9101,5500
5216,1100
774,1850
1577,1450
10124,1100
9341,1500
1239,3500
2840,2500
1960,3850
839,6500
10951,3100
1474,1836
5239,1980
390,900
787,2600
10165,15000
10253,1450
3006,2600
2347,1300
2314,1000
638,1000
4273,23000
185,1000
3464,1297
10273,2600
1927,2500
9227,1700
680,1900
9758,3900
4542,2000
2953,1000
10029,2000
2230,10000
485,1100
9459,1600
3582,3500
9089,5000
1814,2200
3601,8000
2094,2600
904,1200
2421,4400
2510,1700
3775,6000
1101,4150
53,1300
1266,1500
4456,2100
3690,1600
10670,11000
2255,2500
1420,1600
2857,1600
1919,1300
9360,1500
10041,3800
3029,3500
9215,1800
553,1350
3154,1500
11184,3000
3175,980
4774,950
354,1400
4257,5500
3872,2000
1027,1400
4844,2200
2334,1500
2513,1100
4759,950
2085,2800
1105,1200
10064,6000
2332,1800
1898,1600
10465,1700
4802,2000
1202,3800
10406,1800
622,1000
10088,1900
3207,2500
3519,1700
1759,3000
3570,4800
3814,3350
2751,1200
10897,2100
4476,2100
3789,2800
4340,1400
4218,6000
3986,11000
9261,1900
2328,2200
10457,1000
1727,1200
3558,2600
408,1500
10740,4500
1428,1700
3654,15000
5297,8400
1077,5900
3637,10000
4098,2000
5399,7500
1912,1299
4722,9000
5154,3000
1256,1795
2477,1600
10963,3100
1999,1400
3915,1800
10018,1700
9831,4700
9468,3990
10534,9850
2809,2100
1127,1600
1387,1700
3664,1200
3609,13993
2523,2000
4886,2400
9222,1599
3540,5500
1760,2400
67,1350
4265,2400
9254,3000
10766,1550
2409,3500
1366,3700
357,1000
1376,1800
9400,2000
3754,4500
4549,4500
85,3500
9309,2200
248,1100
4229,6000
4823,1300
4376,1100
1780,1999
9322,1000
10061,3000
712,1450
3325,1700
10724,2500
4532,1700
10560,3800
930,1200
809,3000
4579,1300
724,2200
1437,1380
501,700
10886,2100
2275,2500
3283,2100
9980,2700
1997,1500
4671,5500
2690,1600
11144,3200
1068,1500
5262,7700
9967,2800
4424,1750
1872,4500
368,1500
5430,4000
4597,1650
9914,1100
2669,3000
4394,1250
1768,1500
426,1100
10727,2300
364,2500
9217,2180
3370,1600
1199,2400
748,4500
4344,1300
9519,2900
1834,2500
2507,1400
685,1700
190,1500
747,3200
221,4500
3900,4000
4895,9200
1009,3500
1787,1200
1412,1050
2084,2500
5422,12500
3964,1900
1385,1800
11186,15000
9415,1350
9311,2200
4629,4000
4138,1790
1271,2000
1021,1800
3771,7000
10764,2100
10012,1650
9882,2200
2762,6000
1232,10500
2016,2800
3694,2300
4813,1600
3985,4200
2624,1690
836,1150
1148,1000
3656,3200
10345,1450
2617,2200
3823,8000
1439,1400
1784,1100
2730,2185
5296,2900
4127,1800
182,800
382,1900
2844,1630
1487,1900
4832,5500
3243,1200
1695,1000
2001,3300
3954,1400
4101,2000
706,1100
1423,1400
10313,1800
1970,3500
10904,1700
3145,1300
4623,4000
9562,2700
4390,1380
3679,1250
1774,1200
1476,1600
2969,1500
3855,3300
3788,4800
5363,2500
1757,1200
9152,1300
457,1000
358,1200
441,1100
1640,2000
3063,700
1058,4000
2072,2500
5182,2200
929,1450
2979,1500
663,1000
3566,2800
3565,4200
10665,2700
482,1000
10319,3500
1723,1200
4330,1350
1879,2322
4626,17000
10454,1000
2816,1550
2866,750
10858,1200
1888,2500
10009,1100
2747,2000
10084,5000
10024,2740
10935,8200
3739,6800
2618,2350
3496,1400
4345,1100
9343,1500
421,1400
9724,1500
9471,1200
3491,1400
10162,2300
4110,1628
767,2200
10362,1000
2889,4500
3579,4700
10188,6000
2859,800
10633,1100
10308,1800
4055,2850
4167,3000
2878,500
1404,2000
2896,1500
4254,12000
10748,2200
1496,2000
857,1500
4145,2550
10010,2500
3351,2500
925,1045
3111,900
2184,3750
1150,1190
5206,1800
10926,3000
10889,2350
1503,2300
10492,4500
3972,3800
2717,3000
3545,3800
9510,1900
10260,1500
2651,1500
2112,2699
9610,1220
1073,15000
4062,2000
3321,1500
10066,1800
4198,2500
10813,2800
10598,8000
9843,1250
5358,1950
4046,2300
2974,1600
11180,1100
2951,1150
9295,1500
1522,3600
687,1500
3177,950
9705,1300
10559,2000
10118,1300
9220,2200
4771,1100
672,1000
4788,2100
2575,1300
10544,1475
1230,3000
3229,1500
9302,2200
10483,1200
3179,1000
2842,2500
9636,900
9424,3000
3615,5500
9285,2000
3263,1800
10428,900
3067,1800
3548,6000
9272,2200
4837,6500
1530,5000
1793,1400
853,2700
10268,1200
10720,2000
4700,10000
9351,900
10930,2700
1280,2500
1992,4000
3874,4000
618,760
1324,2500
11141,4100
5298,5800
2594,1400
615,1000
369,2500
3210,1200
2794,1000
3121,1800
3769,3600
3405,5600
4092,1700
3008,3000
1441,1800
1103,3500
3438,3100
4587,1500
9573,1500
10298,1800
2324,1400
1046,2700
10421,1800
9643,1690
10964,7599
331,1200
3064,1350
4029,2800
4400,1600
3562,1950
9307,2490
723,1500
1359,1800
9421,800
5166,3600
10539,10000
3725,4000
10916,3000
149,6000
10160,1700
9329,1700
4445,1100
4315,1300
4877,4500
3461,1150
10607,4030
3095,1100
3909,3000
10115,1500
3040,1400
9832,8700
9142,1700
1943,1500
9796,3500
10909,2000
4386,1500
393,1300
2101,6000
516,2100
4557,1300
3913,5500
2940,1220
3033,4000
10336,2600
4495,1050
4615,1200
1173,1295
2530,2200
9729,1200
5237,2399
9819,4000
9700,1200
10797,2190
10501,1800
946,1509
10213,1800
1652,1500
2466,1200
11182,2100
692,1600
9946,1800
289,850
4282,7800
3885,4000
5159,15000
3355,1400
5313,1800
5325,1850
9372,1300
10543,5500
2343,1500
61,1250
4733,5000
3141,1300
4885,14000
323,900
832,6500
2758,2200
2552,3320
4140,1300
1907,1300
4786,3200
934,1600
4359,1030
3076,1100
2415,3200
4410,2300
9210,2800
3564,3200
9093,4500
3036,2200
5195,1800
589,750
2566,2990
3512,1600
590,4200
10220,2700
3442,3000
1144,1000
9174,6000
4501,5500
4666,5000
10962,4500
1413,1700
10721,1320
258,1300
1991,7100
10861,1500
503,650
9094,14000
607,1200
9668,1200
10942,5000
587,2200
3253,1800
566,8823
1382,1600
4619,1500
11,800
11115,5000
2807,1400
4530,4000
9919,1850
9258,1200
9377,2500
4125,4000
9856,1100
196,1350
10877,1900
133,1000
235,20000
2749,1450
321,800
2166,4500
9567,1800
4855,3500
10928,3800
9209,2500
11125,1850
905,1100
10035,3200
1639,1900
4209,1600
1978,3200
1251,7000
1697,1400
229,8000
1056,1700
9617,1250
2370,1850
9265,2800
3385,6800
10613,5000
2069,3000
3126,1100
579,1450
9559,2801
1860,1850
9134,2900
114,1200
2810,1500
2150,3700
4238,5500
4172,3000
1190,1850
4404,1200
943,1100
3653,7500
4355,1100
3693,1200
226,4300
1557,3500
17,1600
9280,3000
2338,2000
2612,1350
145,1500
10025,1600
2925,1200
3254,1500
1729,1400
5349,2100
418,1400
688,1300
988,4000
5217,2400
1062,4900
950,1000
10710,5000
9666,10000
2620,2500
2277,2400
9693,2500
86,1350
3606,13000
2488,1500
3052,2300
9790,2500
3475,2350
2487,2450
1844,1200
288,500
477,1100
9498,790
1300,1300
2125,1850
9166,2700
2290,2500
5394,2850
4153,2000
4711,4900
422,1400
2639,1499
10140,2200
9149,1500
10195,2990
10426,1500
3172,800
1775,1400
2281,1300
1182,2000
998,5000
4184,2800
4301,1200
2713,1650
2992,1000
10621,2713
935,1500
1396,2200
4412,1300
3636,8300
1292,2300
10731,3500
4506,2500
3044,3500
10982,2000
2394,3000
2606,1700
990,4800
3924,4000
838,1500
2743,3000
2219,2800
1504,4500
9716,1800
10017,1300
865,1000
3605,12000
3196,2000
4036,2100
3341,1700
2906,2500
11163,2492
10350,1160
249,1800
3048,3500
3001,1300
2519,1200
1113,1300
305,900
273,1200
4298,2200
9350,1300
10795,2750
9846,1165
10626,2500
2888,2500
1473,2100
4271,16000
2358,1650
3561,2500
10304,1900
1704,1500
109,3000
4132,1800
1445,1200
2263,2500
1621,1350
3697,1250
92,1000
166,950
10059,4500
3993,3800
9540,2700
9684,1200
2486,3500
4748,1200
1566,4500
234,45000
2318,1200
9182,4000
5198,6000
10455,800
897,1500
3362,1500
2645,900
961,1200
10780,4000
466,1100
3031,3500
9748,1200
9810,1600
3640,2900
4395,1500
5257,6000
1269,2000
3936,2200
11172,5000
3620,40000
11188,2750
10988,1600
4303,1100
3633,8000
1120,1200
5411,5800
4472,2100
2498,1500
9974,3400
2367,2500
10952,3900
4270,4500
338,950
2916,1080
9752,2000
10712,1800
4612,1500
4642,2200
389,1000
4056,2700
4632,9000
3521,2000
10584,2200
436,1190
3368,1200
3572,6000
5,1170
9114,2500
2160,5800
10424,1600
9868,1300
2157,2400
3082,670
583,1100
10405,1000
9713,1700
2882,2000
3058,1250
3655,10000
1283,1200
1699,2500
2491,1300
4245,3400
9232,2000
3045,1250
3138,2500
9554,3100
643,1200
570,1600
9994,1650
9235,2800
1070,3000
3791,5500
10413,2600
10718,5000
10322,1100
9841,1330
3652,15000
1618,1800
3034,1500
3080,1000
3,1000
10828,2000
2771,1000
989,4000
306,750
10,760
2062,1000
10439,1200
1426,1800
4712,3500
2052,2100
682,1200
2577,5000
4106,3000
10005,3000
1088,6900
9673,750
332,1100
1619,1350
10236,7500
9847,1800
10663,13000
473,800
1894,1800
10734,18000
459,1000
4088,1600
10431,1860
4133,2250
10453,1205
9499,2900
10216,5900
9799,1000
2287,1200
5223,2800
506,1500
10901,2200
2961,1850
9171,3200
2473,3000
9156,1500
9379,1800
1993,4800
3647,8200
2034,1400
2872,1100
10777,3500
290,940
10342,20000
3947,1100
2777,1500
1048,3000
9385,2500
1060,5000
10299,1650
3649,10500
4027,2750
4309,2100
2962,6000
2869,890
5395,3200
2076,1200
749,1850
4849,12000
2557,9000
2114,2100
10113,1200
1794,1900
219,6500
3452,9000
1242,25000
1836,2600
4799,2400
835,1348
1501,2000
10629,1600
3324,1800
3787,15000
5176,3300
9123,3500
1129,1300
596,1020
3332,1250
758,2500
1930,1800
654,3800
3544,2550
2063,2300
10082,5190
743,1000
9376,1500
4105,4000
879,2025
4848,4999
3256,1500
3183,2200
4406,2200
11109,2800
2452,2800
9612,800
3536,1800
3108,900
5192,2200
1877,2200
9579,1350
782,1600
1174,1295
2736,1500
2365,3000
9144,950
2024,1600
2439,1400
4266,2500
3824,4630
4667,4200
4504,1700
1018,1800
1436,1460
177,850
4842,7300
5236,1800
9894,8342
9131,1200
1980,3700
399,1205
3817,2000
2692,1300
3830,2600
4697,3900
1214,22300
9938,3800
5398,6850
5384,3300
3870,1700
2947,1050
5268,3000
386,1660
10844,6000
5355,1414
1451,1650
4749,1200
336,800
9538,2000
10448,1200
10604,6500
3201,3000
2922,1200
10381,2840
4598,1200
10898,1700
4559,1990
3288,1700
9634,800
1287,1120
9755,2800
1574,1700
4037,3300
766,1500
959,3750
3816,10900
71,1600
2438,6000
3949,1600
169,16000
4656,25000
10475,2150
1342,2500
1895,1500
4724,3000
10104,1600
97,1200
2047,1000
1183,6273
9250,2300
5211,1700
5304,3900
4397,920
10390,3000
9151,1500
9457,1100
1583,2600
1093,5000
3038,1600
10127,1500
316,1300
1693,2800
132,1346
1770,1600
2666,1400
1494,4900
3979,2000
1667,1570
299,600
2185,2800
3675,1400
3228,5000
1059,2450
2053,1200
3541,1100
10425,1800
3392,8000
2231,3400
703,1200
1128,1850
4000,3000
10580,1500
9685,900
3295,1800
9650,1200
10291,2300
10353,2000
4540,1500
2722,2500
3758,12000
1646,5600
940,1740
3499,4800
3941,1300
2451,1700
1078,3500
1135,1450
46,1350
9586,1200
2901,1400
796,14000
4539,1600
10673,2400
2991,1500
10563,1700
2567,2300
10924,2200
936,1300
351,1290
954,1850
4686,10000
9682,1200
1015,1450
3135,1200
4465,1800
4583,1300
744,1200
686,1350
677,1500
9366,1500
4498,2800
1719,1700
9874,1400
341,1000
10698,8700
10966,5300
10557,9000
4500,1700
3394,7500
3763,7000
1449,1500
9495,1200
10074,27000
9388,2500
458,1250
924,2000
10509,2200
10234,7500
3390,2500
3837,8329
3174,800
1195,4000
1074,2890
2123,2890
4321,1400
4365,1300
47,2500
9378,3200
3843,3700
1553,1800
9268,3500
4614,850
10468,3500
3068,1800
3173,980
10019,2300
3011,2200
1032,1160
9717,1667
9603,1100
547,2820
1572,3700
870,2300
10231,2200
330,880
9839,10000
4510,2200
9966,1900
9245,1100
2445,2500
10653,12000
1713,1200
10521,11500
10210,2800
11170,4000
4582,1200
10441,950
4481,2450
889,1000
2748,1638
3061,1100
493,1200
10654,13500
4165,8000
2361,1600
9880,1200
9319,1350
3764,16000
1535,6000
175,628
981,4000
9561,2600
3718,3500
10596,2600
1254,2000
4227,27000
2010,1200
9753,9500
3144,1600
764,3850
1600,5500
3340,2000
2,1000
786,1650
674,905
4715,6000
4568,1250
4590,1350
9590,1800
2803,2500
3722,8000
4334,1400
9969,1900
427,1300
4300,1290
4336,1500
652,1100
9332,999
670,1600
3120,1900
9176,1250
10615,14000
694,2500
3155,1190
1023,1200
5289,7500
10747,3800
1378,1300
259,1000
2307,2200
5354,3000
3713,22000
5267,3800
2996,1600
163,1300
10211,1600
2907,2500
264,1300
10759,2300
3364,1800
385,1100
3773,6000
231,14000
2336,1500
701,1800
9494,750
4368,1800
1126,1250
3961,1600
11201,13000
2383,2100
1886,8000
5424,17500
1446,3000
10294,1400
4534,1300
3314,2500
9604,1200
2143,1900
2808,1600
1094,10000
10723,2000
964,1600
9858,1500
179,900
5328,2100
10830,2100
4688,5500
105,2200
2471,1600
999,6500
4716,3800
2077,1250
2744,2500
9834,8500
715,1500
1602,3500
1157,1190
4522,3000
2673,1200
4380,1100
1052,1650
1762,1400
1296,1700
2778,1500
68,1200
4874,1200
2042,1300
2863,1900
2327,1400
1660,1050
4569,1400
2928,800
1548,2300
3349,1400
10517,11700
975,1400
9546,5000
3259,1200
76,1120
3845,2500
1560,1600
4249,8000
1899,1150
10277,3500
11122,1700
3002,1900
9674,660
4869,10000
1948,3200
1728,600
1100,9500
9318,1400
2057,1500
9098,2100
1911,1300
16,1500
2834,2500
1310,1800
2117,1700
10726,1500
3328,1450
10959,5000
846,1900
2781,1200
9362,1400
300,900
2540,2800
2727,3500
10432,4000
10015,1950
9354,1300
2299,1300
10500,1850
2110,4200
9356,2000
10422,1600
355,1400
10848,2400
1079,6500
228,6500
10768,1800
3502,1800
3668,1600
4331,2200
5370,3200
3199,2500
1347,4300
297,2300
10075,4500
2770,1500
10052,3500
4449,1600
2494,1400
10315,1450
2964,1600
4058,1500
2880,950
4900,11500
1935,4700
9327,1350
3317,1000
9596,1300
4643,2000
4576,900
2814,2000
4727,1800
3920,1400
5292,3900
972,4800
4750,1100
419,1400
3237,750
411,1500
3462,2000
3853,3000
2258,2000
10812,2300
791,2200
1317,1860
2497,1500
1647,2900
657,1100
524,2500
3948,1150
10919,10000
9895,4200
4466,1500
11158,2950
2900,3100
1703,2100
4416,2200
4483,2300
2174,1600
2864,1900
1311,1200
10442,1200
4585,1200
2649,2500
2146,5000
4091,1370
4190,2000
40,1950
1832,2200
4455,1300
3839,15000
2982,1400
2155,1800
4294,700
9675,600
3905,1600
9644,3500
10451,1170
10756,3500
10203,1100
681,2850
2885,1100
702,2400
1825,2000
2605,1999
9681,1430
1397,4000
4677,3200
10054,1400
4625,1600
1110,1500
5173,4500
10227,2500
3600,6000
5190,2100
529,1250
2209,5000
2952,1260
4150,3300
2697,2400
4082,1700
4509,2000
3282,2000
937,1500
10641,6300
754,1500
9191,5000
10888,1400
4351,1851
711,1500
10007,1250
11008,12000
9655,1199
1945,2200
564,1600
340,850
11003,4500
746,1400
4028,2000
10799,3000
9162,3998
5311,3500
2449,2900
1137,1600
425,1200
4673,1300
1947,4300
10089,900
1348,1300
10960,5300
600,1500
1798,1300
9594,1150
10270,1400
2517,4000
1038,1700
1268,2400
4264,16000
3685,1250
10482,980
4217,3300
778,4000
4533,1500
5146,5300
10630,2600
10980,1200
1764,3300
9542,2200
5427,2600
254,1200
10801,2910
3529,2500
9627,1300
9440,1800
4054,1800
82,900
10398,1500
10646,6400
3933,1800
805,4600
5214,1700
141,900
5301,4700
9645,1300
2254,2200
3550,1700
9990,1500
4219,2200
1417,1580
515,1450
2825,900
3244,800
2169,5500
10650,20000
3022,1600
10612,3750
9085,3500
3630,10000
10311,1350
1739,2000
10945,3800
9887,7800
3217,1400
232,10000
10232,10000
9892,8500
3020,1441
1355,4500
1462,2800
1818,1600
9961,2910
3371,2500
820,6500
886,1100
4489,1100
10287,3200
9968,1300
2791,2800
4572,1800
5218,5000
4552,1850
4204,1500
1883,4000
762,1600
2198,1200
2319,1300
4107,4000
1138,1500
3692,1300
9463,2200
5317,2500
9345,1600
1944,16000
1905,1300
2025,1100
9793,1790
3741,6264
588,950
4014,5000
77,1300
2638,2300
3469,2043
3785,6000
2362,2000
4215,1600
2248,1200
3556,4500
10769,1100
10599,5000
9237,1750
3245,1000
9452,1200
10464,2800
3230,2100
2879,1950
215,6700
3819,4000
392,750
27,1700
752,1400
1810,2000
478,850
4890,4900
9709,1500
909,1100
10323,1300
5188,3355
1558,5000
10134,1400
2485,1700
9741,1000
2151,2600
10655,4200
2180,2100
2331,2100
9908,2300
563,1000
4784,1200
4836,6800
4195,2500
969,3400
9224,3000
5145,5000
4176,7500
5345,1750
10617,11000
9743,1150
4693,2500
3386,2850
4102,5200
997,1800
3227,2200
10307,1200
1017,3500
9667,850
9744,1150
653,900
9095,3000
10200,1100
4144,7500
4414,1200
919,1450
3400,3800
1609,15000
2788,1550
2715,2500
1950,14000
3133,800
2926,1000
4436,1080
11106,1800
3738,20000
3236,1190
3798,5000
10820,1300
9683,1100
9798,1100
9436,2000
3265,2400
1215,2000
9199,1600
10476,1105
3056,1200
518,3400
1724,980
9766,3500
2342,2200
3301,2000
1375,1650
4570,1100
2954,1000
9915,1400
10130,1100
2886,3200
268,1100
9355,2000
10656,8000
107,1500
3477,4500
5240,3501
3129,1951
5412,4000
2779,1300
2573,2800
4377,1300
3226,1600
632,1050
3206,1600
602,1300
3489,950
4899,7200
5207,3000
1694,5000
1158,1190
2558,1700
5379,6200
9121,1300
5189,1600
438,1500
3820,4500
11162,8000
4012,6000
609,1300
2855,1200
2835,2220
3231,5000
10281,1600
9928,5000
1055,8000
9359,1200
1354,2590
3127,1500
10894,2300
1603,2800
3589,2300
9547,3200
1808,5000
9783,1200
5431,4000
4555,1700
4350,1600
2981,1600
3889,2000
1920,1500
303,700
676,2500
1550,2000
4005,1300
2802,1200
4094,1400
3576,3500
2192,1800
10541,1260
41,1099
4371,1100
1549,2350
1264,2200
1663,980
10915,1600
2924,1000
5271,4000
5283,7800
10295,1800
1612,1700
344,1200
3106,1050
4283,3500
932,1000
9179,1200
251,1200
10863,1050
4453,1500
278,850
1717,1400
1463,2400
3624,2950
10057,3000
2280,3200
1923,1500
610,4500
9972,1900
1374,1600
328,850
2985,1690
781,2900
11128,1850
3041,1250
1962,4000
3238,1000
10100,2000
5343,3000
10125,2850
4607,1500
3832,2250
1851,12500
3846,10000
10348,1800
784,1500
9150,1200
10826,4500
4618,1500
5336,1500
3346,2500
1210,4200
1403,2100
9269,1400
3195,1800
3422,10000
1689,1150
1244,2500
11099,2700
4241,4200
4104,7500
540,1400
80,1400
10002,1700
9964,4700
10241,2600
359,1200
9328,980
1915,1300
486,1000
1187,5000
13,1000
10705,2000
4223,2500
4647,15000
2427,1400
1610,11000
2226,1600
757,1900
10300,1700
11121,1400
4767,2000
3103,1500
9830,8000
3275,1300
966,1500
4541,2500
4155,3000
4741,12000
4073,2800
1918,1500
3621,7000
10773,2100
3122,1800
10198,2000
2688,2500
10976,1150
11161,3580
4828,3300
9960,5500
2935,805
4573,1200
4529,3500
1117,1700
4811,1300
10429,1250
2074,1600
3959,2500
2741,2500
10659,10800
2054,1100
3770,7500
10498,1200
1372,8000
9911,1400
2479,5000
2330,1500
391,1070
3089,1700
58,1200
568,1500
9170,2100
4621,1800
9639,1000
26,2250
1897,1300
9107,3900
1626,1100
717,1500
1025,2300
2432,2450
3602,7000
4684,3000
442,1200
1477,4000
10205,3500
3772,22000
5326,2400
2556,1650
855,1500
1099,6800
2168,2400
11118,3000
859,1430
9314,2500
819,18000
3023,1500
9391,1300
1650,2500
3342,1600
1925,1500
455,1500
52,870
10744,3500
10519,10500
4116,2800
10481,1200
4290,900
2064,1100
1217,26000
2312,1300
9467,1200
9689,1200
55,1100
3077,1000
2341,1200
2366,5500
3707,1600
2627,1250
3015,1860
10649,5000
2096,1850
3887,4350
1756,3000
10666,3100
1735,950
1809,1300
3934,1600
2271,1700
585,1500
3610,14983
360,1400
603,2800
9703,1530
5224,2100
4785,1000
4868,2750
1599,3000
3012,1100
4564,1150
3659,1200
1147,1100
1686,2000
1222,3600
1714,1850
10154,1700
3530,4000
10943,2900
11149,5300
3278,3500
2145,1500
10614,6500
795,2400
3815,4800
5309,11066
5414,2600
4653,1400
10948,7000
10097,1900
11165,3500
315,900
1604,1850
9188,3500
926,1400
2181,2000
9867,900
4698,4500
10020,2800
1592,1700
10880,1400
10850,3200
4253,7000
2005,1200
1959,3900
10975,900
4025,1500
3506,2300
3897,1600
1648,2900
10703,1700
4440,1500
3377,1600
9995,3000
4538,3000
10152,2200
2205,1200
9687,800
10408,2000
505,750
2245,1000
4114,1800
3813,3000
5404,3400
3500,3500
3446,5300
4742,2900
3569,3800
772,1500
4143,2200
10329,1300
4022,2000
2856,1600
1929,3700
267,600
9692,850
3247,1300
2674,1600
10361,2000
5352,1650
1773,1900
10708,3200
2945,800
1743,1150
1637,2900
10688,5000
1211,2200
1252,3000
1010,900
9357,1500
1627,4700
2461,1400
3857,2700
3072,825
2302,1300
3005,700
2675,3000
3967,1000
1260,4000
2348,1500
1885,2200
128,1300
10840,4500
3938,1200
1054,2500
9263,3500
110,1200
1257,1700
2833,1300
1541,2200
9585,1800
2699,2100
10618,10500
10999,2500
4544,2000
2970,1700
3703,1150
1301,1400
3334,940
1685,2900
10318,6500
3459,1176
10021,1700
1016,2000
1263,6000
4893,4000
2506,2100
3575,4500
9282,4600
9229,1250
10970,3500
1394,2000
1030,1400
1857,1300
1512,14000
4450,1300
9701,1200
1543,3500
3801,5500
876,1300
2597,1500
2297,1300
10619,6800
4081,1500
884,1400
490,1200
9247,1500
10515,2850
339,950
822,2500
492,1200
665,1300
10602,1750
10669,30000
327,1000
10155,2800
139,1850
9305,1700
2622,2500
3666,1200
250,1150
4438,2000
2821,1860
3720,3000
3546,2300
4020,9000
2390,12000
4888,2500
4007,7500
1000,3050
2628,1100
4537,1500
2837,1700
10466,3000
3360,2600
2583,4500
9904,13000
5256,3500
9649,1200
43,1500
11100,3600
11145,15000
2128,2800
270,1000
4366,2200
10628,1300
511,1000
4571,1800
4628,4199
1323,1400
5233,2400
2871,1640
11002,2800
4363,1350
10473,3000
4329,2000
1286,850
4093,4500
10977,1400
10037,2250
4383,1400
3139,1300
4829,2700
2950,900
512,900
810,2500
10536,2509
11140,4700
9760,1610
1679,1200
815,3200
5168,2800
3309,1500
3625,5500
10938,3000
9406,2700
279,5500
9347,1000
2298,2200
2403,1700
10796,6500
10172,5000
3901,1700
3809,6000
10238,2700
3827,35000
11177,1800
2912,800
4835,2550
9228,1500
3274,1900
4158,3400
10189,2500
171,650
10194,4000
4293,1050
10843,5000
10587,1000
3866,5500
309,900
1827,4500
10023,2000
10314,4000
10108,1200
1981,4500
5158,3000
10469,3000
1779,2700
111,1500
1539,4500
9805,1600
1758,2500
9496,1100
1538,2300
9157,1300
5232,2200
970,1300
10276,2100
1188,3800
9126,2250
9730,900
10902,2200
2441,1550
4173,17000
3504,2200
262,1000
198,855
2288,1500
721,5000
2220,3700
3923,6500
3876,3400
10752,950
9992,2150
10716,4000
3882,1500
2018,2000
4468,1200
10157,1700
431,1700
10396,1450
3084,700
3258,2200
1617,2700
4352,1500
106,1350
9410,2200
1226,1800
1039,3000
2522,2000
10251,3000
2413,3200
3574,2200
513,1800
1725,1100
9619,750
11117,5000
1822,1400
9504,1200
4729,4760
2677,1300
3704,1700
10043,2500
1964,7500
1339,3300
10562,1900
301,900
9657,7200
2642,2500
310,850
2783,1200
1322,2500
3708,1400
10979,1100
11174,3000
10459,750
11104,2830
10285,1500
1588,4500
9088,2499
5244,3500
4738,9500
10461,1500
3644,6500
10199,1600
9947,2000
10373,1400
2430,2500
10388,1400
4689,2500
915,800
4356,1800
3878,4500
2320,1000
10181,2000
4090,1300
11135,3500
10487,1500
1966,4200
75,1500
10878,1750
1401,1700
10859,1300
11011,5700
2416,2100
2801,1600
3532,2500
4810,1400
9262,10000
4682,2900
4042,3300
10545,1982
9292,2700
3249,1000
10080,27000
2408,5000
3211,1400
2668,3000
9975,1175
986,1600
2082,1850
9580,1200
2424,1900
101,1200
9428,2500
1486,3200
594,850
10470,1150
5286,11600
1901,900
1258,8000
679,1300
2158,1600
4602,1300
9765,2200
1205,3500
2109,2700
1175,1295
10809,2500
4131,5500
10714,1600
10359,2500
9635,1000
948,950
4243,14000
2968,990
4044,3600
2073,3800
9949,5800
9773,1100
9137,1300
1312,1300
312,800
3339,1300
9785,1200
2410,3600
4593,1000
9184,3100
9722,1100
1565,1000
4159,4500
3218,2800
3409,3500
4248,2500
10170,2900
1611,1800
9449,1500
1381,2000
407,1500
4151,1800
5314,1700
1677,1000
5327,3300
5407,12000
10949,2000
10297,1300
1335,1400
255,800
3794,20000
9271,2400
2919,900
2941,750
9963,4500
1801,1700
9828,3500
5255,10000
10856,1270
10990,1600
3881,2500
3919,5000
335,1200
551,2000
3333,2500
9931,11000
3911,6000
1716,1015
9456,1900
9704,1000
4814,1200
3899,3500
1249,4000
9589,900
4236,10000
1880,2600
1097,4700
5369,2000
2918,860
10833,3000
4679,3000
1841,2200
91,1600
5270,16000
907,900
9497,800
1628,5500
102,1400
1866,2000
1193,3800
1884,4000
5170,4000
1416,1050
11113,2800
2326,2200
2144,3700
2233,6000
2704,1400
208,8000
9185,1400
4820,6000
10423,1600
1007,1100
19,1600
3198,2600
1316,1600
54,1000
3577,5500
2295,1800
5428,11500
4491,1500
10143,2700
4211,3500
2313,1700
1537,3000
155,850
3185,7000
750,4000
9481,2000
9118,2500
2130,4500
2170,2550
10250,2400
484,1200
2037,1150
2662,1000
1350,5000
2482,2200
9490,2000
1345,3000
9759,1650
2737,2000
1146,1300
193,1500
9607,750
4134,2000
10662,2300
640,1000
10791,1600
9944,3000
2698,4000
1076,29000
3869,3950
4079,1500
10006,2600
10603,2100
3880,9000
4435,2500
2363,1500
5227,2600
10857,2300
293,1100
1676,950
2765,2800
10529,2400
11204,17000
2238,1750
5318,1500
9764,1400
184,1300
3423,2500
1664,900
1661,850
1154,1190
3767,3500
9524,1497
5151,3000
2582,1800
4575,1600
1227,3000
974,4500
9287,4500
4822,1200
3588,12000
9413,1100
10259,1300
3406,3800
9718,1300
3982,1900
10852,2000
5287,4510
5348,1500
10643,5000
1228,13000
1968,3800
434,1190
9775,1300
2136,3000
2113,5500
3792,3900
11006,5000
2914,1200
2316,1830
4657,1200
2099,4499
205,4500
1682,850
10383,2300
9859,1050
10196,2990
2395,3900
2656,1100
3193,4000
4754,1600
10779,1900
2291,1400
9484,1800
89,1400
644,1200
4856,5500
5390,4695
2225,2700
823,11000
9226,2000
10738,2800
9927,5000
10393,1550
707,2600
4239,3000
785,1400
2050,1400
2680,1500
10293,1650
2156,2700
2862,800
178,1300
10022,3200
4267,6000
412,1600
9520,4000
416,1400
3415,10000
9575,1200
9286,6000
9432,1500
10692,1800
3248,1920
4460,1800
3401,3800
2398,3100
9923,1295
740,1200
73,1150
10357,850
9257,9500
2208,10370
2360,900
1988,6500
10497,1600
10197,1100
1492,3400
2202,3000
3963,3000
9208,2000
10338,8000
10139,2600
2978,2500
3159,1700
2356,1900
3049,3500
631,1500
2191,1500
11111,17000
10062,2200
1080,5100
9397,4000
4728,3000
9448,1550
2035,1000
1166,1190
10499,2200
3003,5000
3627,12000
1802,2200
3670,1500
4274,26000
4594,1350
4023,1290
4580,1200
4124,4000
2246,2000
3613,12000
81,3200
4277,15000
877,800
9158,1230
1340,8000
11146,2400
3387,11500
10648,5800
759,2900
2218,10000
1356,1300
3721,6000
10585,6000
3094,850
1598,16500
5332,2100
2093,5498
2515,1200
3178,870
9786,1500
10117,2000
10128,1200
1466,3300
319,900
4280,3000
9940,6500
10969,6500
9767,1600
10004,1700
2028,1850
5179,6500
3983,4000
4471,1800
2792,1850
4635,4500
9146,1700
801,2500
9127,2400
3470,1500
4306,1700
2512,2000
4161,3200
5203,1050
374,2000
10696,5000
11120,2500
9124,2400
3527,1600
1026,1200
4437,2400
5215,2000
1506,3300
3168,1190
10038,4500
372,1600
5229,2000
10278,4800
4208,3500
9777,1250
10132,2500
1325,3000
3859,1900
1579,1800
4192,1300
10266,1100
3250,1205
2637,1450
9822,1150
3737,25000
4295,1000
129,1200
2561,2250
2119,2900
1635,2900
9597,1300
9762,1600
10968,38000
10491,1200
370,1400
2504,2600
2116,1600
10032,3500
1820,1400
5334,2000
881,1450
4833,2500
4327,1450
377,1100
10400,3650
2910,1400
2007,3200
432,1500
10048,2200
10182,3100
9353,1000
3483,1000
9370,2200
1591,1750
9135,1400
4268,10000
3727,2460
3863,13000
1876,1500
2654,1250
814,2400
2256,2500
4072,1700
5288,8000
4112,2000
2020,1399
10332,1700
367,1100
9398,1500
3436,10000
4256,14000
10881,1500
9754,1500
10364,2000
11187,8990
10204,1000
239,4393
9616,850
10337,1000
542,4500
2725,5500
2454,2000
1459,2700
9660,6500
3867,1800
1903,900
4648,2600
362,1200
4645,3500
2086,1800
2988,3800
4177,13350
1730,1050
4451,1300
3607,7500
3984,2400
3347,1800
2083,6000
2845,2500
9776,1180
4650,2700
3004,1950
4789,2200
1181,5000
3599,20000
4745,3000
10399,2200
1333,1550
4516,2000
1229,2200
5429,9990
2780,1500
2746,1500
1534,2700
3946,1800
3492,1400
2305,1500
960,1500
3313,1450
1164,1150
4467,3200
1306,1400
2993,1100
9605,1150
1575,6000
3742,3500
9476,1850
3834,11000
2548,4000
10733,2500
1858,4000
4354,2750
3835,18000
769,1400
2061,1900
3940,1500
3344,2000
4210,3000
1594,4000
957,1300
2973,2300
2289,1400
10106,1100
3818,14000
4775,1900
56,1100
3300,2470
1435,1900
10341,14000
4531,7450
1057,1800
4251,4500
9979,2500
5356,1750
60,1150
4878,3100
35,2500
10518,18000
3494,1739
9642,3500
5400,5400
4454,2100
9115,1900
10527,10000
3782,5500
4620,3500
1200,3301
2785,1600
4361,1140
3257,1850
9577,1800
9656,1000
1518,2000
10148,2000
734,1200
9981,1100
2514,1100
4432,900
2596,1290
9148,1400
4080,1540
4069,2350
887,1350
494,1800
580,1400
4199,1300
10180,3000
9181,12000
1133,1300
212,5890
5364,1500
1064,4000
3293,3000
4171,6000
10360,2490
3796,10000
9304,1700
10582,1700
5371,2000
1004,1790
4343,3900
9587,1500
10711,3500
2159,1250
9492,850
4049,2000
3966,700
186,1100
9941,14000
2015,1000
3384,14000
2056,1300
1631,5500
9614,1000
9606,955
5415,8500
1307,1970
1781,1300
2422,1900
1655,890
3153,1000
4128,3120
1124,1600
445,1200
3716,3200
10586,1160
4560,1500
2503,2000
11173,3700
3047,1100
1681,1300
9801,1300
2800,2100
3215,5000
9849,1700
2581,1600
243,1000
9696,1005
4497,1100
3543,5300
10340,2200
2695,2000
3549,4500
4546,5000
9219,1800
1659,1100
4710,2900
2333,1800
4567,800
9622,1000
1297,800
10609,2600
1674,1550
9399,1300
2352,1100
9779,1450
3995,3580
9825,3000
611,2500
1407,1700
2474,1600
3232,1700
373,1500
10225,1900
3062,785
3752,3000
10261,10000
10166,5000
4758,3500
236,6000
1344,7500
2321,1800
1218,2500
1776,1500
1498,2700
11198,2500
5285,3200
2097,1800
9721,1200
4636,2100
4206,2200
9623,900
510,1400
1613,3200
1623,1200
2045,3500
3163,1190
3372,1690
9711,1400
9599,1020
10284,2400
78,1100
2317,2200
10103,1300
2874,1800
4409,2500
9299,2500
3399,5500
10754,3500
911,1150
3478,1700
697,1200
2386,4500
4562,1300
5359,1600
363,1600
1842,1600
1153,1295
9336,1000
1360,3600
10551,1800
3806,40000
3142,1200
10450,1250
11143,5600
9516,3500
5374,1500
2733,1300
11196,3900
10709,2700
83,3500
79,1860
662,1000
9431,1900
324,900
5259,3000
1440,1800
10387,900
10546,6000
1130,2200
2253,1450
2376,5000
808,3500
1510,5200
3105,900
2593,1200
2576,3500
3329,1750
656,1100
3070,950
9913,1300
9434,1500
10931,2100
858,1905
9795,1500
1383,1600
10410,1200
10047,1950
5184,1800
833,1360
2927,950
1614,4400
3797,10500
10581,2000
3356,1800
213,8000
2520,1300
10667,9000
131,1800
3087,1200
4535,3600
11190,8000
2524,1850
3467,1300
9601,900
3800,25000
5193,1797
448,1800
9300,1500
3765,9000
9930,3000
699,1400
9719,1100
103,3100
10525,8000
523,2300
3017,3500
3851,2800
1102,4000
1821,1100
1415,1600
165,1300
10571,3500
3308,1400
10033,3500
5247,2350
9201,5200
3189,3500
9852,1260
10126,1400
2555,2700
3383,2400
3962,1100
9733,990
2499,1700
395,1650
625,700
4791,2300
3997,4500
947,1800
761,1600
3430,14000
2739,2500
9375,3200
1443,2500
4039,2000
9393,2200
645,1200
4866,5500
10201,1100
4526,2600
1882,3200
4867,2500
3802,13000
10749,8500
4147,3300
2598,850
2541,17000
10438,1500
2822,2100
10823,1800
9367,1600
9113,3300
9553,2900
5375,3000
2286,1900
4066,2300
2827,2700
10570,2500
4207,1500
3268,2800
183,920
3316,2250
4057,3400
4709,6000
1169,1190
10264,3100
9698,790
10597,3010
9549,2300
9626,950
1711,1500
10263,10000
1178,5500
2129,2900
2532,1600
397,2600
1291,2400
3661,1600
3971,1200
3458,14000
1630,5700
3096,1100
4087,1300
1289,1100
9735,1600
3747,3000
10065,11000
901,1260
3748,15000
571,3105
11207,3800
4545,4000
10301,1100
3366,1800
2309,3000
10136,1500
10787,1900
9526,2000
10761,2100
1874,2000
4452,2300
4704,6000
2742,1200
4335,2000
3271,1800
11012,2500
10523,9000
2167,2850
3437,1200
9806,3000
10262,6500
4470,1750
3525,4500
10918,2000
3115,1372
3952,2200
1937,4200
1321,800
1125,1600
2511,2500
1527,5900
10384,2000
4825,6500
2458,2800
2495,1480
9383,1800
3877,5000
10730,2500
1408,1800
3272,1600
3137,1000
10798,18000
2264,2400
4478,1100
3749,5000
2589,2500
1502,2500
2538,7800
10099,1400
1320,1100
4787,1700
1233,25000
2236,1300
9568,1620
4777,1000
1629,8000
9266,2300
2789,2500
123,1200
2634,1000
4756,3000
1796,1100
3102,900
2710,3000
9952,3000
4600,1600
4326,1200
5241,2700
10356,1200
765,3800
1409,1700
10420,1100
2428,4000
9213,1500
1745,1000
3336,2800
4883,2300
10729,2350
10687,8000
9084,2000
4517,8000
10444,1600
1873,2800
2614,1500
2138,1600
798,2400
11136,5290
9862,1050
9999,1600
626,1100
4591,1700
10443,950
1616,4500
1782,900
2206,7000
1890,4900
790,1600
7,900
2414,2000
10899,2900
2276,2500
2960,2500
10377,4000
417,1400
742,6000
2127,3200
9206,5000
4588,1300
3593,15338
1909,1400
9161,2913
9334,1600
824,3700
10462,9000
116,850
1481,5300
1904,1500
3216,2700
10933,3500
4669,3500
10372,1400
3799,3250
1024,1900
592,1450
10310,1150
10552,1500
2022,2500
3980,3600
1107,1600
3825,3300
2508,3800
1797,1800
1508,2200
127,1100
4691,2800
10802,15000
2437,2900
403,1500
150,800
10995,2500
9429,2680
9621,850
2444,1700
2442,1200
62,1100
2544,2500
4191,1800
3109,950
3557,2000
5299,5500
10183,12000
10288,1900
1576,1200
3632,4500
4708,2300
3590,1900
3285,1500
2153,2950
4332,2350
3676,2000
222,7500
10900,1400
9802,1600
120,1200
9677,1100
2380,1000
3134,1400
4289,800
2283,1400
181,1350
4485,1000
968,1500
627,1000
9537,1700
4765,1600
3330,2200
10989,1600
3454,5300
1365,4300
9386,3000
4427,500
4006,5500
614,750
9278,3000
3078,1030
266,1180
3841,3400
3973,3800
1932,2700
2199,3000
3190,1450
1807,1400
225,8000
4201,2000
9500,1300
11152,3500
4726,35000
2068,3000
5210,1400
2098,3300
1186,1800
2963,1600
4038,3600
2489,1500
9883,5250
9747,1350
9918,1900
4803,1200
2186,3000
10532,14000
2870,2000
2349,1400
10212,3400
3730,4900
9680,700
284,840
9651,650
3306,1600
920,1200
9425,1500
10588,1500
10394,2100
4830,5000
9804,1900
2392,1800
2354,1600
11176,1500
922,1600
10793,1900
1402,3500
10907,3600
4263,4900
2469,2700
2273,2200
10866,1342
4108,2370
1546,1300
617,1200
1092,10000
4186,1800
612,1200
885,1000
9396,2500
5197,1800
10514,2000
3444,7000
777,1200
1638,1900
9978,2550
3252,2500
10680,11500
10937,4000
28,1726
9514,4500
5406,9193
3280,1600
3604,5900
9903,3000
3393,2400
74,1200
4611,1630
9301,2000
4078,4500
3505,900
3143,1200
2609,1100
2227,3100
2002,1300
10149,2000
1584,5000
1517,25000
4212,1600
10333,1600
3148,1300
1072,7300
2691,1700
1799,1200
2820,1200
4242,5000
2633,3600
3958,2175
3404,3300
9592,1500
4718,4000
10758,1900
3246,1335
4505,2200
2684,1300
9615,1210
115,1300
4384,1400
10913,2800
10486,5500
3702,1500
3596,35000
9173,3100
337,900
2687,2400
4142,2600
4843,2100
1973,3700
753,1600
4558,1200
1938,2500
673,1500
2712,1600
3511,2200
1201,8000
4260,6900
424,1600
4421,1650
3715,3800
664,2300
350,1600
447,1800
709,2300
1924,1600
9714,1750
1221,12500
3922,5500
2766,1300
9141,1300
387,850
9361,1650
3547,1700
1337,1200
4850,8499
10178,7000
4547,5900
9186,4200
4795,1100
3205,2000
10239,4000
1608,3300
830,1310
5290,5500
10697,3800
3418,3500
1734,1000
9405,15000
9401,1300
11189,2500
11131,3000
1006,2300
9169,1300
400,1600
9998,1750
1253,4000
21,2500
1305,2300
10290,2000
237,5500
3107,800
3665,1200
671,2500
10906,2200
9933,6000
845,1800
4790,1400
10460,2500
1353,18000
9125,2000
10870,3000
3451,1000
869,1100
3686,1500
604,1800
5174,4700
5242,1700
4723,6500
3868,1900
902,1200
2904,2300
1747,1000
3310,1700
2051,3000
4047,2750
3928,1000
2757,2099
11178,3000
4417,1200
696,1150
1179,10000
4720,30000
10864,2500
2173,2300
5351,2100
9472,1800
1090,3000
848,6500
1769,1600
3808,10000
4876,2000
3745,6110
605,1500
174,700
9194,1100
2269,2500
2463,2220
100,1441
1243,1700
741,1900
334,1300
2908,2800
9697,1000
2881,1240
3292,1200
3463,1650
4690,5000
2987,1750
9325,1000
10206,1350
11009,1800
9543,2100
9430,1600
9534,3000
4702,4500
4423,1500
9925,1190
4043,2000
10837,3950
4736,7000
10144,1600
10034,2600
1468,1650
1838,1500
3123,1100
3674,1100
460,1000
5386,2000
9390,1400
1562,2100
1975,2500
3290,2100
4515,2500
738,4000
9871,1400
9381,3500
1438,1800
497,1100
2750,2500
3945,2200
375,900
5315,3000
1209,3200
5281,7500
404,1500
3778,4000
2467,1600
9417,1000
93,2200
3513,1050
3204,5000
9761,5500
2221,4900
1849,1000
827,1200
4524,3500
9881,1700
10494,4400
3187,2500
10867,2500
4378,1400
343,1100
2683,1200
2786,1820
2547,2500
3146,1300
9105,2800
9566,1350
691,1800
0,930
1582,5000
1707,1300
9408,800
2021,2100
3221,8000
3591,11500
2003,1600
9985,2500
1131,1200
10805,25000
3717,12000
2304,2100
9239,2500
10713,1620
2375,1600
10142,3000
3395,4200
2261,1900
1731,1600
1159,1700
4342,2100
2120,2500
10746,3000
2685,1300
1671,1300
5269,4000
10838,6000
9453,1900
3273,1300
1971,9900
4461,1700
2296,1420
736,2300
4122,5000
9433,2700
10484,1000
4776,800
9242,1000
4099,3000
10174,3180
837,1900
10395,1500
292,1200
698,1200
5388,15000
5147,3200
10409,955
3969,1700
10686,7000
11123,1800
9659,4193
1963,5500
9241,6500
2274,1650
3441,2700
9290,1300
1868,6000
2387,2500
9435,1500
2671,1400
4699,3500
3516,2300
9281,1400
2502,3000
3988,4000
3999,2953
63,1200
9571,1000
9875,2000
5330,1300
1384,2865
4333,3500
650,1100
1967,5000
112,1300
3024,1145
9340,1000
804,10800
9548,3100
577,1200
9826,2530
126,1100
3331,4000
3793,3500
10722,1700
1400,1600
851,1630
10771,1820
10177,2800
3057,3500
2665,1600
4103,2700
10542,1500
5194,2300
2995,1300
2679,1800
3893,1500
10954,5000
2977,2500
1053,2130
4503,3700
11167,8500
2405,1400
3860,12000
153,3000
9558,1200
2391,10000
2353,1900
5344,2000
2660,1300
10702,1000
280,880
10855,1500
3821,15000
3128,2000
4496,1200
9588,1100
9489,1800
10508,1490
1479,3000
3811,15000
9792,1200
10001,1600
504,650
10574,1700
9736,1000
903,1290
2040,1200
1672,1000
3751,8000
550,1300
1862,3500
1805,1500
10993,1600
9122,2000
945,1300
3642,12000
4259,4500
9652,800
1690,2100
10376,4300
2107,3500
11000,2700
3125,800
9506,1973
3398,8000
449,1800
2903,4900
941,2500
1020,1500
1532,2700
1847,1800
4011,6800
3898,3000
437,1200
9306,1200
3445,4500
4882,2700
5213,2500
739,1700
2867,900
3291,1450
5346,2500
9836,2400
586,1350
9298,1150
2989,1600
4444,4200
10463,2500
1028,1800
9155,1900
10503,1150
3279,2700
3208,16000
11005,6500
9533,3000
10693,4600
573,2000
4040,1500
647,1100
595,1150
9243,1550
9550,2240
3396,4500
1308,3200
4566,1400
10932,2500
4896,7500
281,650
5272,9500
732,3300
2763,1930
2999,2100
1908,1100
9136,1600
9609,1100
3085,1000
1111,1600
10495,1500
4680,2500
2195,5000
160,750
9103,4000
2798,2290
9907,1500
3165,1190
5199,3400
952,1100
4232,14000
1331,950
1219,4500
9207,1100
10668,6000
606,970
164,950
10146,2700
1040,2400
3968,1200
9970,4600
10657,6000
209,8000
3612,6000
329,1089
10003,1600
10520,2500
2546,2750
3929,1131
4297,1800
1429,1400
10956,3600
10133,1400
5149,8300
433,1350
9099,7500
10083,24000
860,1300
4370,1300
967,3000
10750,5200
3729,20000
3486,900
3734,10000
3623,2600
11169,1900
3413,7500
10131,2800
3695,1700
9338,950
2813,1400
5225,1400
4652,2300
908,1300
9373,1100
10109,1100
2562,4000
4605,1890
10380,2400
4317,2350
9289,5500
146,550
3361,4000
1777,1100
5393,2700
9814,2420
3186,1400
508,480
4419,1200
1561,1400
4272,1900
2852,1500
9900,3000
168,18000
3419,4500
9392,7600
11133,1200
1392,1800
2257,1300
10169,2200
2237,1100
136,850
9462,1300
9270,2700
9965,6800
894,1342
197,1600
10330,1000
1483,2500
1792,1400
10076,9200
4863,5900
10272,2000
10685,25000
10073,1800
9104,3200
11001,2800
2850,1500
3116,1400
5205,1800
2389,2300
5425,2820
1447,3800
199,1300
4525,3500
3611,12500
3466,1905
11185,4500
1823,2600
1795,5500
9962,5500
730,1180
3886,2300
4393,1100
2121,7500
3465,1700
807,3200
2595,1500
9557,2000
2997,1050
9164,3500
1198,4200
4403,1375
821,2200
2711,1300
1241,4000
4051,3500
9555,2500
10947,3100
623,1250
9437,1800
4075,2800
9710,900
1162,1190
10252,3000
9632,1200
10961,7500
2603,1600
2775,1500
3781,1040
10741,3770
5362,2100
9742,1100
4387,1200
10014,1309
1740,1300
2282,880
5347,1600
3026,1050
4163,2500
24,1500
216,4500
2860,1300
1910,1050
10775,2400
9145,1400
4089,1600
3421,4200
10151,8000
4262,3000
11130,1700
207,8000
3510,1400
2322,1300
10081,3500
591,2800
9168,10500
1720,2300
1863,2700
525,5990
2335,2000
469,750
9342,1200
10161,3500
2811,1400
9523,5000
928,1200
1896,1600
2721,1400
9611,1100
1469,1500
9133,1300
2934,900
1913,1550
956,1150
1488,2100
25,2300
1134,2000
2197,4500
5265,6000
3224,1600
1552,2400
10736,16900
5183,1700
1645,2300
2937,1150
3533,3500
2646,2390
5360,2000
2187,3100
4845,3300
3854,4500
2371,6000
180,1200
9264,1690
10490,1500
1434,1760
3912,4000
4703,4000
3091,980
9344,1000
2344,1500
9896,6500
9891,2000
3298,750
94,1600
770,1200
637,1250
9296,2500
10326,1800
2536,1100
2492,3300
1208,11000
9387,2200
9570,1250
9190,1500
275,1600
10846,5700
1152,1190
9198,2000
10072,3300
9096,4300
307,900
10810,5000
2059,850
5212,2850
4182,12000
10818,2000
10745,4500
10822,3300
9427,2000
2610,1200
4305,1950
2787,1400
9958,4000
10634,1100
1987,2399
10163,1600
10774,4000
931,1100
10138,2300
10417,2500
4226,3000
9715,1520
10063,5500
3455,1800
5294,7500
4651,2500
2418,4000
9922,2400
9528,1600
2431,2200
201,999
2965,1700
2023,2000
4464,2000
973,4500
1634,1350
2435,3000
816,1700
1954,6900
9308,1700
3762,20000
9897,15000
256,1400
3678,2000
1472,1800
9691,1050
10209,2800
1605,3000
9321,1000
560,2500
9869,1000
4469,1800
2957,990
2767,1756
10831,1400
10994,5500
3299,2000
1684,1200
1167,1190
3918,8500
10016,1900
1204,5800
10908,10000
5312,3500
9147,1800
10028,2000
11166,3700
1071,3700
11004,12000
4870,7900
4420,1350
2251,2500
4180,3200
2681,2500
2956,3100
1589,50000
2659,1750
2446,1800
9912,1200
4187,1800
430,1800
10819,2200
3191,2200
3942,1800
10331,1200
2105,2500
4009,2500
4071,2600
9337,1000
4353,1700
5228,2500
11164,3800
9458,2220
3114,1200
1641,2250
4484,1600
10375,2500
4369,1200
756,2500
3560,2000
3622,7000
9917,1100
1956,2850
11153,4100
2176,2500
802,2500
10068,1700
1207,8000
2930,950
3531,4300
10550,1600
2723,2500
151,2000
2292,1500
714,1700
10583,4500
544,1900
4735,5700
2745,1000
3337,1450
423,1500
10950,4800
3219,7000
659,900
797,6500
755,2300
2008,1100
99,1000
10890,2100
2496,1700
1871,3600
2046,1500
4851,6000
5316,2000
2163,2890
9932,4000
10817,3500
10112,1300
2893,2300
537,2500
1701,1800
2897,2700
2222,10500
2135,2900
2599,1300
705,899
10354,2400
3468,1360
10640,4500
10639,1200
9820,4000
9770,1450
4373,1200
1033,1000
9723,1500
4859,5900
5175,3650
3264,2200
1653,1000
2607,2250
2732,1300
